<?xml version="1.0" encoding="UTF-8"?>
<GenRun Id="synth_1" LaunchPart="xc7a35tcpg236-1" LaunchTime="1671915291">
  <File Type="RDS-PROPCONSTRS" Name="DC_Motor_drc_synth.rpt"/>
  <File Type="PA-TCL" Name="DC_Motor.tcl"/>
  <File Type="RDS-RDS" Name="DC_Motor.vds"/>
  <File Type="RDS-UTIL" Name="DC_Motor_utilization_synth.rpt"/>
  <File Type="RDS-UTIL-PB" Name="DC_Motor_utilization_synth.pb"/>
  <File Type="RDS-DCP" Name="DC_Motor.dcp"/>
  <File Type="VDS-TIMINGSUMMARY" Name="DC_Motor_timing_summary_synth.rpt"/>
  <File Type="VDS-TIMING-PB" Name="DC_Motor_timing_summary_synth.pb"/>
  <FileSet Name="sources" Type="DesignSrcs" RelSrcDir="$PSRCDIR/sources_1">
    <Filter Type="Srcs"/>
    <File Path="$PSRCDIR/sources_1/new/DC_Motor.vhd">
      <FileInfo>
        <Attr Name="UsedIn" Val="synthesis"/>
        <Attr Name="UsedIn" Val="simulation"/>
      </FileInfo>
    </File>
    <Config>
      <Option Name="DesignMode" Val="RTL"/>
      <Option Name="TopModule" Val="DC_Motor"/>
      <Option Name="TopAutoSet" Val="TRUE"/>
    </Config>
  </FileSet>
  <FileSet Name="constrs_in" Type="Constrs" RelSrcDir="$PSRCDIR/constrs_1">
    <Filter Type="Constrs"/>
    <File Path="$PPRDIR/../../Basys-3-Master.xdc">
      <FileInfo>
        <Attr Name="UsedIn" Val="synthesis"/>
        <Attr Name="UsedIn" Val="implementation"/>
      </FileInfo>
    </File>
    <Config>
      <Option Name="ConstrsType" Val="XDC"/>
    </Config>
  </FileSet>
  <Strategy Version="1" Minor="2">
    <StratHandle Name="Vivado Synthesis Defaults" Flow="Vivado Synthesis 2016"/>
    <Step Id="synth_design"/>
  </Strategy>
</GenRun>
