<?xml version="1.0" encoding="UTF-8"?>
<GenRun Id="impl_1" LaunchPart="xc7a35tcpg236-1" LaunchTime="1671915330">
  <File Type="PWROPT-DRC" Name="DC_Motor_drc_pwropted.rpt"/>
  <File Type="OPT-METHODOLOGY-DRC" Name="DC_Motor_methodology_drc_opted.rpt"/>
  <File Type="INIT-TIMING" Name="DC_Motor_timing_summary_init.rpt"/>
  <File Type="ROUTE-PWR-RPX" Name="DC_Motor_power_routed.rpx"/>
  <File Type="PA-TCL" Name="DC_Motor.tcl"/>
  <File Type="OPT-HWDEF" Name="DC_Motor.hwdef"/>
  <File Type="RDI-RDI" Name="DC_Motor.vdi"/>
  <File Type="OPT-DCP" Name="DC_Motor_opt.dcp"/>
  <File Type="OPT-DRC" Name="DC_Motor_drc_opted.rpt"/>
  <File Type="OPT-TIMING" Name="DC_Motor_timing_summary_opted.rpt"/>
  <File Type="PWROPT-DCP" Name="DC_Motor_pwropt.dcp"/>
  <File Type="PWROPT-TIMING" Name="DC_Motor_timing_summary_pwropted.rpt"/>
  <File Type="PLACE-DCP" Name="DC_Motor_placed.dcp"/>
  <File Type="PLACE-IO" Name="DC_Motor_io_placed.rpt"/>
  <File Type="PLACE-CLK" Name="DC_Motor_clock_utilization_placed.rpt"/>
  <File Type="PLACE-UTIL" Name="DC_Motor_utilization_placed.rpt"/>
  <File Type="PLACE-UTIL-PB" Name="DC_Motor_utilization_placed.pb"/>
  <File Type="PLACE-CTRL" Name="DC_Motor_control_sets_placed.rpt"/>
  <File Type="PLACE-SIMILARITY" Name="DC_Motor_incremental_reuse_placed.rpt"/>
  <File Type="PLACE-PRE-SIMILARITY" Name="DC_Motor_incremental_reuse_pre_placed.rpt"/>
  <File Type="PLACE-TIMING" Name="DC_Motor_timing_summary_placed.rpt"/>
  <File Type="POSTPLACE-PWROPT-DCP" Name="DC_Motor_postplace_pwropt.dcp"/>
  <File Type="POSTPLACE-PWROPT-TIMING" Name="DC_Motor_timing_summary_postplace_pwropted.rpt"/>
  <File Type="PHYSOPT-DCP" Name="DC_Motor_physopt.dcp"/>
  <File Type="PHYSOPT-DRC" Name="DC_Motor_drc_physopted.rpt"/>
  <File Type="PHYSOPT-TIMING" Name="DC_Motor_timing_summary_physopted.rpt"/>
  <File Type="ROUTE-ERROR-DCP" Name="DC_Motor_routed_error.dcp"/>
  <File Type="ROUTE-DCP" Name="DC_Motor_routed.dcp"/>
  <File Type="ROUTE-BLACKBOX-DCP" Name="DC_Motor_routed_bb.dcp"/>
  <File Type="ROUTE-DRC" Name="DC_Motor_drc_routed.rpt"/>
  <File Type="ROUTE-DRC-PB" Name="DC_Motor_drc_routed.pb"/>
  <File Type="BG-BIN" Name="DC_Motor.bin"/>
  <File Type="ROUTE-DRC-RPX" Name="DC_Motor_drc_routed.rpx"/>
  <File Type="BG-DRC" Name="DC_Motor.drc"/>
  <File Type="ROUTE-METHODOLOGY-DRC" Name="DC_Motor_methodology_drc_routed.rpt"/>
  <File Type="BITSTR-MSK" Name="DC_Motor.msk"/>
  <File Type="ROUTE-METHODOLOGY-DRC-RPX" Name="DC_Motor_methodology_drc_routed.rpx"/>
  <File Type="BG-BGN" Name="DC_Motor.bgn"/>
  <File Type="ROUTE-METHODOLOGY-DRC-PB" Name="DC_Motor_methodology_drc_routed.pb"/>
  <File Type="ROUTE-PWR" Name="DC_Motor_power_routed.rpt"/>
  <File Type="ROUTE-PWR-SUM" Name="DC_Motor_power_summary_routed.pb"/>
  <File Type="ROUTE-STATUS" Name="DC_Motor_route_status.rpt"/>
  <File Type="ROUTE-STATUS-PB" Name="DC_Motor_route_status.pb"/>
  <File Type="ROUTE-TIMINGSUMMARY" Name="DC_Motor_timing_summary_routed.rpt"/>
  <File Type="ROUTE-TIMING-PB" Name="DC_Motor_timing_summary_routed.pb"/>
  <File Type="ROUTE-TIMING-RPX" Name="DC_Motor_timing_summary_routed.rpx"/>
  <File Type="ROUTE-SIMILARITY" Name="DC_Motor_incremental_reuse_routed.rpt"/>
  <File Type="ROUTE-CLK" Name="DC_Motor_clock_utilization_routed.rpt"/>
  <File Type="POSTROUTE-PHYSOPT-DCP" Name="DC_Motor_postroute_physopt.dcp"/>
  <File Type="POSTROUTE-PHYSOPT-BLACKBOX-DCP" Name="DC_Motor_postroute_physopt_bb.dcp"/>
  <File Type="POSTROUTE-PHYSOPT-TIMING" Name="DC_Motor_timing_summary_postroute_physopted.rpt"/>
  <File Type="POSTROUTE-PHYSOPT-TIMING-PB" Name="DC_Motor_timing_summary_postroute_physopted.pb"/>
  <File Type="POSTROUTE-PHYSOPT-TIMING-RPX" Name="DC_Motor_timing_summary_postroute_physopted.rpx"/>
  <File Type="BG-BIT" Name="DC_Motor.bit"/>
  <File Type="BITSTR-RBT" Name="DC_Motor.rbt"/>
  <File Type="BITSTR-NKY" Name="DC_Motor.nky"/>
  <File Type="BITSTR-BMM" Name="DC_Motor_bd.bmm"/>
  <File Type="BITSTR-MMI" Name="DC_Motor.mmi"/>
  <File Type="BITSTR-SYSDEF" Name="DC_Motor.sysdef"/>
  <File Type="WBT-USG" Name="usage_statistics_webtalk.html"/>
  <FileSet Name="sources" Type="DesignSrcs" RelSrcDir="$PSRCDIR/sources_1">
    <Filter Type="Srcs"/>
    <File Path="$PSRCDIR/sources_1/new/DC_Motor.vhd">
      <FileInfo>
        <Attr Name="UsedIn" Val="synthesis"/>
        <Attr Name="UsedIn" Val="simulation"/>
      </FileInfo>
    </File>
    <Config>
      <Option Name="DesignMode" Val="RTL"/>
      <Option Name="TopModule" Val="DC_Motor"/>
      <Option Name="TopAutoSet" Val="TRUE"/>
    </Config>
  </FileSet>
  <FileSet Name="constrs_in" Type="Constrs" RelSrcDir="$PSRCDIR/constrs_1">
    <Filter Type="Constrs"/>
    <File Path="$PPRDIR/../../Basys-3-Master.xdc">
      <FileInfo>
        <Attr Name="UsedIn" Val="synthesis"/>
        <Attr Name="UsedIn" Val="implementation"/>
      </FileInfo>
    </File>
    <Config>
      <Option Name="ConstrsType" Val="XDC"/>
    </Config>
  </FileSet>
  <Strategy Version="1" Minor="2">
    <StratHandle Name="Vivado Implementation Defaults" Flow="Vivado Implementation 2016"/>
    <Step Id="init_design"/>
    <Step Id="opt_design"/>
    <Step Id="power_opt_design"/>
    <Step Id="place_design"/>
    <Step Id="post_place_power_opt_design"/>
    <Step Id="phys_opt_design"/>
    <Step Id="route_design"/>
    <Step Id="post_route_phys_opt_design"/>
    <Step Id="write_bitstream"/>
  </Strategy>
</GenRun>
